round,slice,frame,object_ref,cell,what,why,severity,owner,rule_id,evidence,action,rules_version,note
calib,C0,aggregate_48_frames,prelabel_summary_extra,na,SPURIOUS,,,,R01,"assets/worked/prelabel-quality.png: extra_annotation=204 trong 400 conflict; đây là số tổng hợp YOLO26m trên 48 frame, không phải kết quả riêng của C0",,v1.0.0,"Cần mở từng frame và kiểm ngưỡng H=40 cùng ignore region trước khi quy lỗi cho model"
calib,C0,aggregate_48_frames,prelabel_summary_class,na,WRONG_CLASS,,,,R04,"assets/worked/prelabel-quality.png: mismatching_label=98; đây là tín hiệu tổng hợp giữa pre-label và teaching reference v2",,v1.0.0,"Cần soi ảnh và áp dụng mapping sáu class; số tổng hợp chưa chứng minh bên nào đúng"
calib,C0,aggregate_48_frames,prelabel_summary_ignore,na,IGNORE_SCOPE,,,,R09|R11,"assets/worked/prelabel-quality.png: 68/152 box pre-label không có reference nằm từ 50% trong ignore_region; CVAT vẫn đếm chúng là extra",,v1.0.0,"So sánh local loại các box trong ignore; không dùng chênh lệch này như điểm đạt hoặc kết luận lỗi model"
r2_qa,B4-center,adasind_270517.jpg,L5,L_only,STRUCTURE,,,,R06,"B4_center.zip khóa F688-0B1A: L5 là box ignore_region reason=privacy_or_policy; ảnh gốc cho thấy vùng che biển số cần polygon bám vùng che",,v1.0.0,"Blind QA theo luật, chưa mở teaching reference"
r2_qa,B4-center,adasind_271039.jpg,L14,L_only,DUPLICATE,,,,R02,"B4_center.zip khóa F688-0B1A: L14 nằm gần như toàn bộ trong L5 và cùng bao người mặc áo trắng",,v1.0.0,"Giữ một box Pedestrian bám phần nhìn thấy; blind QA chưa quy nguyên nhân"
r2_qa,B4-center,adasind_295948.jpg,L5,L_only,STRUCTURE,,,,R06,"B4_center.zip khóa F688-0B1A: L5 là box ignore_region reason=privacy_or_policy; hình chữ nhật bao dư quanh vùng che biển số xe tải",,v1.0.0,"Blind QA theo luật, chưa mở teaching reference"
r1_craft,B2-mid,adasind_060000.jpg,L4,na,SPURIOUS,E1_annotator_error,P1,annotator,R06,"L4 là box ignore_region privacy_or_policy; R06 yêu cầu polygon",rework,v1.0.0,"Đổi box che biển số thành polygon bám vùng che"
r1_craft,B2-mid,adasind_060000.jpg,L6,na,SPURIOUS,E1_annotator_error,P1,annotator,R06,"L6 là box ignore_region lớn trên biển số ThreeWheeler; reference không chấm reason theo R11",rework,v1.0.0,"Đổi shape sang polygon, không sao chép reference mù quáng"
r1_craft,B2-mid,adasind_060000.jpg,R7,na,MISSING,E1_annotator_error,P1,annotator,R01,"Ảnh gốc và reference có Pedestrian cao 42 px tại x187–202, learner không có box",rework,v1.0.0,"Thêm Pedestrian nếu khi zoom vẫn tách được khỏi nền"
r1_craft,B2-mid,adasind_060000.jpg,R9,na,MISSING,E1_annotator_error,P1,annotator,R01|R04,"Ảnh gốc có thêm ThreeWheeler tại x316–365 cạnh R1; learner chỉ giữ xe x348–414",rework,v1.0.0,"Thêm box cho xe thứ hai sau khi zoom xác nhận ranh giới"
r1_craft,B2-mid,adasind_086220.jpg,L5+R1,na,ATTRIBUTE,E5_unresolved,P2,qa,R05,"Reference đặt truncated=true vì box chạm biên phải; người gán nhãn xác nhận xe chỉ sát mép và vẫn nhìn đủ",keep_with_reason,v1.0.0,"Giữ truncated=false theo quan sát tại chỗ; đưa vào escalation để coach phân xử"
r1_craft,B2-mid,adasind_086220.jpg,L4,na,SPURIOUS,E1_annotator_error,P1,annotator,R02|R03,"L4 Car chỉ ôm phần dưới của vật tại x324–374; zoom ảnh cho thấy đây là Bike/rider",rework,v1.0.0,"Đổi class sang Bike và bám toàn bộ phần nhìn thấy"
r1_craft,B2-mid,adasind_086220.jpg,R4,na,MISSING,E1_annotator_error,P1,annotator,R02|R03,"R4 Bike là cùng vật với L4 Car nhưng geometry lệch làm matcher tách thành missing/spurious",rework,v1.0.0,"Một chỉnh sửa Bike thay cho cả cặp finding L4/R4"
r1_craft,B2-mid,adasind_086220.jpg,IR_box_413_1003,na,STRUCTURE,E1_annotator_error,P1,annotator,R06,"ignore_region privacy_or_policy tại x413.84–431.52 y1002.90–1021.77 là box trong XML mã 70CA-9446",rework,v1.0.0,"Sau review tại chỗ, nhóm xác nhận annotation này không cần thiết và đã xóa trong rework CBE9-BB9D"
r1_craft,B2-mid,adasind_086220.jpg,IR_box_337_981,na,STRUCTURE,E1_annotator_error,P1,annotator,R06,"ignore_region privacy_or_policy tại x337.17–362.99 y980.65–997.14 là box trong XML mã 70CA-9446",rework,v1.0.0,"Sau review tại chỗ, nhóm xác nhận annotation này không cần thiết và đã xóa trong rework CBE9-BB9D"
r1_craft,B2-mid,adasind_102750.jpg,L1,na,SPURIOUS,E5_unresolved,P2,qa,R01|R04,"L1 ThreeWheeler có vật thật tại x424–459 và model cũng phát hiện nhưng gọi Truck; reference không có",escalate,v1.0.0,"Không xóa chỉ vì reference thiếu; cần coach phân xử class"
r1_craft,B2-mid,adasind_102750.jpg,L5+R2,na,WRONG_CLASS,E1_annotator_error,P1,annotator,R04,"Vật sát mép trái được learner gọi ThreeWheeler nhưng reference và model đều gọi Truck",rework,v1.0.0,"Đổi L5 thành Truck; giữ truncated=true"
r1_craft,B2-mid,adasind_102750.jpg,L6,na,SPURIOUS,E1_annotator_error,P1,annotator,R06,"L6 là box ignore_region privacy_or_policy trên biển số truck phải",rework,v1.0.0,"Đổi thành polygon bám vùng che"
r1_craft,B2-mid,adasind_102750.jpg,L7,na,SPURIOUS,E1_annotator_error,P1,annotator,R06,"L7 là box ignore_region privacy_or_policy trên xe mép trái",rework,v1.0.0,"Đổi thành polygon bám vùng che"
r1_craft,B2-mid,adasind_102750.jpg,R5,na,MISSING,E1_annotator_error,P1,annotator,R01|R04,"Reference và model cùng có Truck x333–366 cao khoảng 50 px; learner bỏ sót",rework,v1.0.0,"Thêm Truck sau khi zoom xác nhận ranh giới"
r3_diag,B2-mid,adasind_060000.jpg,L2+R4,LR_noM,MISSING,E4_model_domain,P2,ai_team,R04,"Learner và reference khớp ThreeWheeler ở edge; model không có match",keep_with_reason,v1.0.0,"Vật sát mép và méo fisheye là hard case cho model"
r3_diag,B2-mid,adasind_060000.jpg,L10+R2,LR_noM,MISSING,E4_model_domain,P2,ai_team,R03,"Learner/reference cùng một Bike rider; model tách thành M2 Pedestrian và M3 Bike",keep_with_reason,v1.0.0,"Lỗi tách rider của model"
r3_diag,B2-mid,adasind_060000.jpg,L3+R3,LR_noM,MISSING,E4_model_domain,P2,ai_team,R04,"Learner/reference khớp ThreeWheeler rất lớn; model không có box ghép",keep_with_reason,v1.0.0,"Vật gần camera và vùng blur làm model bỏ sót"
r3_diag,B2-mid,adasind_060000.jpg,L7+R1,LR_noM,MISSING,E4_model_domain,P2,ai_team,R04,"Learner/reference khớp ThreeWheeler; model sinh nhiều class chồng lấn nhưng không match đúng",keep_with_reason,v1.0.0,"Model phân lớp không ổn định trên xe nhỏ"
r3_diag,B2-mid,adasind_060000.jpg,L1+R8,LR_noM,MISSING,E4_model_domain,P2,ai_team,R04,"Learner/reference khớp ThreeWheeler; model M12 gọi cùng vùng là Car",keep_with_reason,v1.0.0,"Sai ánh xạ class của model"
r3_diag,B2-mid,adasind_060000.jpg,L4,L_only,SPURIOUS,E1_annotator_error,P1,annotator,R06,"L4 là box privacy_or_policy, không phải polygon như R06",rework,v1.0.0,"Reference không so reason theo R11 nhưng cấu trúc shape vẫn sai"
r3_diag,B2-mid,adasind_060000.jpg,L6,L_only,SPURIOUS,E1_annotator_error,P1,annotator,R06,"L6 là box privacy_or_policy trên biển số xe lớn",rework,v1.0.0,"Đổi shape sang polygon"
r3_diag,B2-mid,adasind_060000.jpg,R7+M6,RM_noL,MISSING,E1_annotator_error,P1,annotator,R01,"Reference và model cùng chỉ Pedestrian x187–202 cao 42 px; learner thiếu",rework,v1.0.0,"Thêm box sau khi zoom xác nhận"
r3_diag,B2-mid,adasind_060000.jpg,R9,R_only,MISSING,E1_annotator_error,P1,annotator,R01|R04,"Ảnh gốc/reference cho thấy ThreeWheeler thứ hai x316–365; learner và model bỏ sót",rework,v1.0.0,"Thêm box riêng, không gộp với xe x348–414"
r3_diag,B2-mid,adasind_060000.jpg,M2,M_only,SPURIOUS,E4_model_domain,P2,ai_team,R03,"M2 Pedestrian nằm trong Bike rider L10/R2",keep_with_reason,v1.0.0,"Model tách người lái khỏi xe trái R03"
r3_diag,B2-mid,adasind_060000.jpg,M3,M_only,SPURIOUS,E4_model_domain,P2,ai_team,R03,"M3 Bike chỉ ôm phần xe trong khi L10/R2 ôm rider+xe",keep_with_reason,v1.0.0,"Cặp với M2 cho thấy lỗi split rider"
r3_diag,B2-mid,adasind_060000.jpg,M7,M_only,SPURIOUS,E4_model_domain,P2,ai_team,R02,"M7 chồng lên Pedestrian đã ghép bằng M8",keep_with_reason,v1.0.0,"Model tạo box người trùng"
r3_diag,B2-mid,adasind_060000.jpg,M9,M_only,SPURIOUS,E4_model_domain,P2,ai_team,R04,"M9 Truck chồng vùng ThreeWheeler L7/R1",keep_with_reason,v1.0.0,"Một trong nhiều class model trên cùng xe"
r3_diag,B2-mid,adasind_060000.jpg,M10,M_only,SPURIOUS,E4_model_domain,P2,ai_team,R04,"M10 Car chồng vùng ThreeWheeler L7/R1",keep_with_reason,v1.0.0,"Model duplicate và sai class"
r3_diag,B2-mid,adasind_060000.jpg,M11,M_only,SPURIOUS,E4_model_domain,P2,ai_team,R03,"M11 Pedestrian nằm trong vùng ThreeWheeler L7/R1",keep_with_reason,v1.0.0,"Model tách người trong phương tiện"
r3_diag,B2-mid,adasind_060000.jpg,M12,M_only,SPURIOUS,E4_model_domain,P2,ai_team,R04,"M12 gọi ThreeWheeler L1/R8 là Car",keep_with_reason,v1.0.0,"Sai class model"
r3_diag,B2-mid,adasind_086220.jpg,L5+R1,LR_noM,MISSING,E4_model_domain,P2,ai_team,R04,"Learner/reference cùng thấy ThreeWheeler lớn; model chỉ sinh Truck và Car chồng vùng",keep_with_reason,v1.0.0,"Model không chọn class ThreeWheeler"
r3_diag,B2-mid,adasind_086220.jpg,L1+R5,LR_noM,MISSING,E4_model_domain,P2,ai_team,R04,"Learner/reference khớp ThreeWheeler nhỏ; model bỏ sót",keep_with_reason,v1.0.0,"Xe nhỏ/xa là hard case"
r3_diag,B2-mid,adasind_086220.jpg,L4+M8,LM_noR,SPURIOUS,E1_annotator_error,P1,annotator,R02|R03,"Learner và model gọi Car nhưng zoom ảnh/reference cho thấy Bike/rider; box learner chỉ ôm phần dưới",rework,v1.0.0,"Đổi class và geometry; xử lý cùng finding R4"
r3_diag,B2-mid,adasind_086220.jpg,R4,R_only,MISSING,E1_annotator_error,P1,annotator,R02|R03,"Reference Bike là cùng vật với L4 Car nhưng matcher tách do class/geometry",rework,v1.0.0,"Một chỉnh sửa Bike giải quyết cả cặp"
r3_diag,B2-mid,adasind_086220.jpg,M2,M_only,SPURIOUS,E4_model_domain,P2,ai_team,R03,"M2 Pedestrian chồng lên Bike rider chính L2/R2",keep_with_reason,v1.0.0,"Model split rider"
r3_diag,B2-mid,adasind_086220.jpg,M3,M_only,SPURIOUS,E4_model_domain,P2,ai_team,R03,"M3 Pedestrian chồng lên Bike nhỏ L3/R3",keep_with_reason,v1.0.0,"Model split rider"
r3_diag,B2-mid,adasind_086220.jpg,M5,M_only,SPURIOUS,E4_model_domain,P2,ai_team,R04,"M5 gọi ThreeWheeler lớn là Truck",keep_with_reason,v1.0.0,"Sai class model"
r3_diag,B2-mid,adasind_086220.jpg,M6,M_only,SPURIOUS,E4_model_domain,P2,ai_team,R04,"M6 gọi cùng ThreeWheeler lớn là Car",keep_with_reason,v1.0.0,"Duplicate model khác class"
r3_diag,B2-mid,adasind_086220.jpg,M7,M_only,SPURIOUS,E4_model_domain,P2,ai_team,R01,"M7 Car không có đối ứng learner/reference và nằm ở nền xa",keep_with_reason,v1.0.0,"Model extra; cần confidence/ảnh rộng hơn nếu dùng sản xuất"
r3_diag,B2-mid,adasind_102750.jpg,L2+R3,LR_noM,MISSING,E4_model_domain,P2,ai_team,R04,"Learner/reference khớp ThreeWheeler; model M4 gọi Truck",keep_with_reason,v1.0.0,"Sai class model"
r3_diag,B2-mid,adasind_102750.jpg,L3+R4,LR_noM,MISSING,E4_model_domain,P2,ai_team,R04,"Learner/reference khớp ThreeWheeler; model M3 gọi Car",keep_with_reason,v1.0.0,"Sai class model"
r3_diag,B2-mid,adasind_102750.jpg,L1,L_only,SPURIOUS,E5_unresolved,P2,qa,R01|R04,"Ảnh có vật tại x424–459; learner gọi ThreeWheeler, model gọi Truck, reference bỏ trống",escalate,v1.0.0,"Không đủ bằng chứng để chọn class hoặc xóa box"
r3_diag,B2-mid,adasind_102750.jpg,L5,L_only,SPURIOUS,E1_annotator_error,P1,annotator,R04,"L5 là cùng xe mép trái với R2/M2 nhưng learner gọi ThreeWheeler thay vì Truck",rework,v1.0.0,"Matcher tách vì wrong class"
r3_diag,B2-mid,adasind_102750.jpg,L6,L_only,SPURIOUS,E1_annotator_error,P1,annotator,R06,"L6 là box privacy_or_policy trên truck phải",rework,v1.0.0,"Đổi sang polygon"
r3_diag,B2-mid,adasind_102750.jpg,L7,L_only,SPURIOUS,E1_annotator_error,P1,annotator,R06,"L7 là box privacy_or_policy trên xe mép trái",rework,v1.0.0,"Đổi sang polygon"
r3_diag,B2-mid,adasind_102750.jpg,R2+M2,RM_noL,MISSING,E1_annotator_error,P1,annotator,R04,"Reference/model cùng gọi xe mép trái là Truck; learner có box cùng geometry nhưng class ThreeWheeler",rework,v1.0.0,"Đổi L5 sang Truck; không thêm box thứ hai"
r3_diag,B2-mid,adasind_102750.jpg,R5+M8,RM_noL,MISSING,E1_annotator_error,P1,annotator,R01|R04,"Reference/model cùng có Truck x333–366 cao khoảng 50 px; learner thiếu",rework,v1.0.0,"Thêm Truck sau khi zoom xác nhận"
r3_diag,B2-mid,adasind_102750.jpg,M3,M_only,SPURIOUS,E4_model_domain,P2,ai_team,R04,"M3 gọi ThreeWheeler L3/R4 là Car",keep_with_reason,v1.0.0,"Sai class model"
r3_diag,B2-mid,adasind_102750.jpg,M4,M_only,SPURIOUS,E4_model_domain,P2,ai_team,R04,"M4 gọi ThreeWheeler L2/R3 là Truck",keep_with_reason,v1.0.0,"Sai class model"
r3_diag,B2-mid,adasind_102750.jpg,M5,M_only,SPURIOUS,E4_model_domain,P2,ai_team,R02,"M5 Car có box khổng lồ phủ gần toàn vùng ảnh",keep_with_reason,v1.0.0,"Geometry model lỗi rõ ràng"
r3_diag,B2-mid,adasind_102750.jpg,M6,M_only,SPURIOUS,E5_unresolved,P2,qa,R01|R04,"M6 Truck trùng vị trí L1 ThreeWheeler nhưng reference không có",escalate,v1.0.0,"Cùng escalation với L1 để xác định class"
r3_diag,B2-mid,adasind_102750.jpg,M7,M_only,SPURIOUS,E4_model_domain,P2,ai_team,R01,"M7 Car không có đối ứng learner/reference",keep_with_reason,v1.0.0,"Model extra ở vật nhỏ/xa"
